{"info":{"count":2,"pages":1,"next":null,"prev":null},"results":[{"id":381,"name":"Woman Rick","status":"Alive","species":"Alien","type":"Chair","gender":"Female","origin":{"name":"unknown","url":""},"location":{"name":"unknown","url":""},"image":"https://rickandmortyapi.com/api/character/avatar/381.jpeg","episode":["https://rickandmortyapi.com/api/episode/10"],"url":"https://rickandmortyapi.com/api/character/381","created":"2018-01-10T19:46:00.622Z"},{"id":781,"name":"Rick's Garage","status":"Alive","species":"Robot","type":"Artificial Intelligence","gender":"Female","origin":{"name":"Earth (Replacement Dimension)","url":"https://rickandmortyapi.com/api/location/20"},"location":{"name":"Earth (Replacement Dimension)","url":"https://rickandmortyapi.com/api/location/20"},"image":"https://rickandmortyapi.com/api/character/avatar/781.jpeg","episode":["https://rickandmortyapi.com/api/episode/49"],"url":"https://rickandmortyapi.com/api/character/781","created":"2021-10-25T09:18:48.188Z"}]}